Headline,Date,Author,Source
China’s foreign investment sank in January. Can Beijing turn things around?,"Published 2:21 AM EST, Thu February 20, 2025",John Liu,CNN
Washington Post opted not to publish anti-Musk ad campaign after initially being open,"Published 2:02 PM EST, Mon February 17, 2025",Liam Reilly,CNN
HSBC to save $1.8 billion over two years under new CEO,"Published 1:28 AM EST, Wed February 19, 2025",Author wasn't found,Reuters
The Trump administration is reversing Biden policies everywhere. But it’s keeping this one,"Published 5:00 AM EST, Thu February 20, 2025",Nathaniel Meyersohn,CNN
"Elon Musk debuts Grok 3, an AI model that he says outperforms ChatGPT and DeepSeek","Updated 1:39 PM EST, Tue February 18, 2025",Clare Duffy,CNN
Elon Musk will withdraw his nearly $100 billion bid for OpenAI if it remains a nonprofit,"Updated 7:05 AM EST, Thu February 13, 2025",David Goldman,CNN
In from the cold? Alibaba co-founder Jack Ma spotted among top tech bosses who met China’s Xi,"Updated 9:40 PM EST, Mon February 17, 2025",John Liu,CNN
OpenAI’s wild week. How the Sam Altman story unfolded,"Updated 3:32 PM EST, Wed November 22, 2023",Clare Duffy and Diksha Madhok,CNN
Elon Musk-owned X settles lawsuit with Donald Trump over January 6 suspension,"Published 9:47 PM EST, Wed February 12, 2025",Ramishah Maruf,CNN
Denny’s is closing dozens more restaurants,"Published 8:28 AM EST, Thu February 13, 2025",Jordan Valinsky,CNN
